Rank,Name,Contact
Grand Scribe Ezra,Terry Green,
Grand Scribe Nehemiah,Edward W J Aston,
Grand Treasurer,Stephen M James,
Grand Registrar,Ashley Brewer,
Grand Director of Ceremonies,"Mark Gibson, PGStB",
Deputy Grand Scribe Ezra,Andrew Ward,
Grand Almoner,Timothy Q Malins,
Grand Charity Steward,John W Read,
Grand Membership Officer,Keith Starr,
Grand Mentor,James A Waddington,
Grand Communication Officer,David Thornton,
Grand Sojourner,John W Fish,
1st Assistant Grand Sojourner,Gary Haskell,
2nd Assistant Grand Sojourner,Simon Dorrington-Ward,
Assistant Grand Scribe Ezra,James S Newman,