UnitLU,Unit Type,Unit No,Unit Name,Warrant,Meeting Dates,Last Installation,Hall,Add No Postcode,,,,,,Last Installation:,March 14th 2026,,2nd,Saturday,March
Craft137,Craft,137,Lodge of Amity,Warrant dated 1 April 1765. Bi-Centenary Warrant granted 1965. ,Tyles at 6.15 pm on the third Wednesday of each month.  Installation January,January 21st 2026,Poole,"Poole Freemasons Hall, 4 Market Close, Poole",,3rd,Wednesday,January,,,,,,,
Craft170,Craft,170,All Souls Lodge,"Founded at Tiverton, 24 October, 1767. First Meeting at Weymouth on 16 June 1804. Bi-Centenary Warrant granted 1967. ","Tyles at 6.00 pm on the second Friday, and on St. John Baptist and St. John Evangelist. Installation St. John Evangelist.",December 27th 2025,Weymouth,"Weymouth Freemasons Hall, School Street, Weymouth",,,,,27 December 2025,,,,,,
Craft386,Craft,386,Lodge of Unity,"Warrant dated 10 March, 1827. Centenary Warrant granted 1927. ",Tyles at 6.00 pm on the Last Wednesday Jan-Nov. third Wednesday Dec. Installation October.,October 15th 2025,Wareham,"Wareham Freemasons Hall, Howards Lane, Wareham",,3rd,Wednesday,October,,,,,,,
Craft417,Craft,417,Lodge of Faith and Unanimity,Warrant dated 9 April 1834. Centenary Warrant granted 1934. ,Tyles at 6.30 pm on the second Monday Sept - Jun. Installation January.,January 12th 2026,Dorchester,"Dorchester Freemasons Hall, Alington Street, Dorchester",,2nd,Monday,January,,,,,,,
Craft472,Craft,472,Lodge of Friendship and Sincerity,"Warrant dated 17 October, 1840. Centenary Warrant granted 1940. ","Tyles at 6.30 pm on the second Thurs Jan & Dec. Thursday nearest Full Moon, except for December and January (Installation) when second Thursday.",January 8th 2026,Shaftesbury,"Shaftesbury Freemasons Hall, 43 Bell Street, Shaftesbury",,2nd,Thursday,January,,,,,,,
Craft622,Craft,622,Lodge of St Cuthberga,Warrant dated 17 September 1853. Centenary Warrant granted 1953,Tyles at 6.15 pm on the the first Monday from September to July except for the Installation on the first Tuesday in May.,May 5th 2026,Wimborne,"Wimborne Freemasons Hall, 7a Corn Market, Wimborne",,1st,Tuesday,May,,,,,,,
Craft665,Craft,665,Montagu Lodge,Warrant dated 26 February 1856. Centenary Warrant granted 1956. ,Tyles at 6.30 pm on the second Monday October - July except for the Installation on the first Tuesday in May,May 5th 2026,Lyme Regis,"Lyme Regis Freemasons Hall, Broad Street, Lyme Regis",,1st,Tuesday,May,,,,,,,
Craft707,Craft,707,St Mary's Lodge,Warrant dated 18 June 1857. Centenary Warrant granted 1957. ,Tyles at 6.30 pm on the second Thursday September - May. Installation November at 4.30pm.,November 13th 2025,Bridport,"Bridport Freemasons Hall, 124 East Street, Bridport",,2nd,Thursday,November,,,,,,,
Craft708,Craft,708,Carnarvon Lodge,"Hallstone Lodge. Warrant of Constitution given on the 18th June 1857. Centenary Warrant on the 18th June 1957.  Founding Lodge of the Province of Middlesex on the 22nd January, 1870.",Tyles at  on the fourth Weds Feb. first Wed May. first Wed Sept. third Wed Nov.  Installation May,May 6th 2026,Lyme Regis,"Lyme Regis Freemasons Hall, Broad Street, Lyme Regis",,1st,Wednesday,May,,,,,,,
Craft1037,Craft,1037,Portland Lodge,Warrant dated 20 October 1864. Consecrated 21 June 1865. Centenary Warrant granted 1965.,Tyles at 6.15 pm on the third Thursday September - June. Installation January.,January 15th 2026,Portland,"Portland Freemasons Hall, 1 Victoria Square, Portland",,3rd,Thursday,January,,,,,,,
Craft1146,Craft,1146,De Moulham Lodge,Warrant dated 16 January 1867. Consecrated 23 March 1867. Centenary Warrant granted 1967. ,Tyles at 6.30 pm on the third Monday September - June. Installation meeting June at 4.45pm.,June 16th 2025,Swanage,"Swanage Freemasons Hall, Marshall Row, Swanage",,3rd,Monday,June,,,,,,,
Craft1168,Craft,1168,Lodge of Benevolence,Warrant dated 3 May 1867. Consecrated 27 August 1867. Centenary Warrant granted 1967,Tyles at 6.30 pm on the second Monday Jan - Jun and Sept & Nov. first Monday Oct.  Installation first Monday of October also at 5.30pm.,October 6th 2025,Sherborne,"Sherborne Freemasons Hall, Digby Road, Sherborne",,1st,Monday,October,,,,,,,
Craft1266,Craft,1266,Lodge of Honour and Friendship,Warrant dated 22 May 1869. Centenary Warrant granted 1969. ,Tyles at 6.15 pm on the Tuesday on or before each full moon. W.M. elected first regular Meeting October. Installed next regular Meeting.,November 4th 2025,Blandford,"Blandford Freemasons Hall, 27 West Street, Blandford Forum",,,,,04 November 2025,,,,,,
Craft1367,Craft,1367,Beaminster Manor Lodge,Warrant dated 3 August 1871. Centenary Warrant granted 1972. ,Tyles at 6.30 pm on the second Tuesday October to May. Installation March.,March 10th 2026,Beaminster,"Beaminster Freemasons Hall, Bridport Road, Beaminster",,2nd,Tuesday,March,,,,,,,
Craft2559,Craft,2559,St Aldhelm's Lodge,Warrant dated 2 May 1895. Centenary Warrant granted 1995.,"Tyles at 6.30pm on the second Tuesday, October (Installation 4.30pm) to June (Installation)",October 14th 2025,Branksome,"Branksome Freemasons Hall, 57 Ashley Road, Poole",,2nd,Tuesday,October,,,,,,,
Craft2689,Craft,2689,King's Court Lodge,Warrant dated 9 December 1897. ,Tyles at 6.30 pm on the third Tuesday January to November (Installation) except for July and August and the second Tuesday in December. ,November 18th 2025,Gillingham,"Gillingham Freemasons Hall, Station Road, Gillingham",,3rd,Tuesday,November,,,,,,,
Craft3366,Craft,3366,Dorset Masters Lodge,Warrant dated 20 March 1909.,"Tyles at 2.00 pm on the first Thursday in March, June (Installation) and September.",June 5th 2025,Dorchester,"Dorchester Freemasons Hall, Alington Street, Dorchester",,1st,Thursday,June,,,,,,,
Craft3473,Craft,3473,United Service Lodge,Warrant dated 30 September 1910. ,Tyles at 6.15 pm on the third Monday September - June. Installation November.,November 17th 2025,Portland,"Portland Freemasons Hall, 1 Victoria Square, Portland",,3rd,Monday,November,,,,,,,
Craft3625,Craft,3625,Blackmore Vale Lodge,Warrant dated 5 September 1912. ,Tyles at 6.30 pm on the Last Friday Sep - Jun.  Installation October.,October 31st 2025,Sturminster Newton,"Sturminster Newton Freemasons Hall, Church Street, Sturminster Newton",,Last,Friday,October,,,,,,,
Craft3878,Craft,3878,Dunckerley Lodge,Warrant dated 22 July 1918,"Tyles at 6.15 pm on the third Monday, September (Installation) to May.",September 15th 2025,Poole,"Poole Freemasons Hall, 4 Market Close, Poole,",,3rd,Monday,September,,,,,,,
Craft4355,Craft,4355,Purbeck Lodge,Warrant dated 7 September 1921,"Tyles at 6.15 pm on the  first Wednesday, October (Installation) to
July.",October 1st 2025,Branksome,"Branksome Freemasons Hall, 57 Ashley Road, Poole",,1st,Wednesday,October,,,,,,,
Craft5331,Craft,5331,Kinson Lodge,Warrant dated 21 December 1931,"Tyles at 6.00 pm on the third Tuesday, September to June. Installation April.",April 21st 2026,Kinson,"Kinson Freemasons Hall, Ferncroft Road, Bournemouth",,3rd,Tuesday,April,,,,,,,
Craft6445,Craft,6445,Loyal Manor Lodge,Warrant dated 5 February 1947. Consecrated 12 November 1947. ,Tyles at 6.15 pm on the fourth Friday of September to June except December when third Friday. Installation October.,March 14th 2026,Portland,"Portland Freemasons Hall, 1 Victoria Square, Portland",,2nd,Saturday,March,,,,,,,
Craft6525,Craft,6525,Ashley Lodge,Warrant dated 4 June 1947. Consecrated 26 November 1947. ,Tyles at 6.00 pm on the Last Friday Jan - Jun & September plus second Friday in Dec,October 24th 2025,Poole,"Poole Freemasons Hall, 4 Market Close, Poole",,4th,Friday,October,,,,,,,
Craft6582,Craft,6582,Lodge of Meridian,Warrant dated 5 November 1947. Consecrated 2 April 1948. ,"Tyles at 6.00 pm on the second Friday, September to May. Installation April.",April 10th 2026,Branksome,"Branksome Freemasons Hall, 57 Ashley Road, Poole",,2nd,Friday,April,,,,,,,
Craft6827,Craft,6827,Northbourne Lodge,Warrant dated 2 February 1949. Consecrated 22 June 1949. ,"Tyles at 6.00 pm on the first Friday, September to June. Installation February.",February 6th 2026,Kinson,"Kinson Freemasons Hall, Ferncroft Road, Bournemouth",,1st,Friday,February,,,,,,,
Craft7300,Craft,7300,London Haven Lodge,Warrant dated 29 July 1953. Consecrated 20 March 1954. ,"Tyles at 5.30 pm on the third Saturday, September to May. Installation March.",March 21st 2026,Kinson,"Kinson Freemasons Hall, Ferncroft Road, Bournemouth",,3rd,Saturday,March,,,,,,,
Craft7860,Craft,7860,Ferndown Lodge,Warrant dated 12 September 1962. Consecrated 3 November 1962. ,"Tyles at 6.00 pm on the fourth Wednesday, January to May and September to November. Installation February.",February 25th 2026,Wimborne,"Wimborne Freemasons Hall, 7a Corn Market, Wimborne",,4th,Wednesday,February,,,,,,,
Craft7873,Craft,7873,Vindelis Lodge,Warrant dated 14 November 1962 consecrated 9 May 1963. ,"Tyles at 6.30 pm on the second Thursday, September to June, except December. Installation May.",May 14th 2026,Portland,"Portland Freemasons Hall, 1 Victoria Square, Portland",,2nd,Thursday,May,,,,,,,
Craft7907,Craft,7907,Llewellin Lodge,Warrant dated 13 March 1963. Consecrated 27 July 1963. ,"Tyles at 6.15 pm on the fourth Monday, January to November, except June, July and August and on the second Wednesday in December. Installation September.",September 22nd 2025,Poole,"Poole Freemasons Hall, 4 Market Close, Poole",,4th,Monday,September,,,,,,,
Craft7986,Craft,7986,Lodge of St Martin,Warrant dated 10 June1964. Consecrated 31 August 1964.,Tyles at 6.15 pm on the third Thursday of September to June. Installation April.,April 16th 2026,Wareham,"Wareham Freemasons Hall, Howards Lane, Wareham",,3rd,Thursday,April,,,,,,,
Craft8025,Craft,8025,Trinity Lodge,Warrant dated 10 March 1965. Consecrated 19 May 1965. ,"Tyles at 6.00 pm on the second Monday in October to May, except for December. Installation May.",May 12th 2025,Portland,"Portland Freemasons Hall, 1 Victoria Square, Portland",,2nd,Monday,May,,,,,,,
Craft8099,Craft,8099,Vespasian Lodge,Warrant dated 9 March 1966. Consecrated 19 May 1966. ,Tyles at 6.00 pm on the third Tuesday October - June. Installation June.,June 17th 2025,Wimborne,"Wimborne Freemasons Hall, 7a Corn Market, Wimborne",,3rd,Tuesday,June,,,,,,,
Craft8118,Craft,8118,Quintus Lodge,Warrant dated 8 June 1966. Consecrated 10 September 1966. ,Tyles at 6.15 pm on the fourth Tuesday September -May (Excl. December).  Installation October.,October 28th 2025,Portland,"Portland Freemasons Hall, 1 Victoria Square, Portland",,4th,Tuesday,October,,,,,,,
Craft8149,Craft,8149,Chesil Lodge,Warrant dated 14 December 1966. Consecrated 1 April 1967. ,"Tyles at 6.15 pm on the the fourth Wednesday of September through to June, except April (Installation) and December when third Wednesday.",April 15th 2026,Portland,"Portland Freemasons Hall, 1 Victoria Square, Portland",,3rd,Wednesday,April,,,,,,,
Craft8290,Craft,8290,Bleckly Clarke Lodge,Warrant dated 30 April 1969. Consecrated 9 July 1969. ,"Tyles at 6.00 pm on the first Thursday of February, March, April (Installation 4.30pm), June, August, October and December.",April 2nd 2026,Blandford,"Blandford Freemasons Hall, 27 West Street, Blandford Forum",,1st,Thursday,April,,,,,,,
Craft8315,Craft,8315,Brit Valley Lodge,Warrant dated 10 December 1969. Consecrated 23 April 1970. ,Tyles at 6.30 pm on the fourth Friday from October to April except for December. (Installation April at 4.30pm).,April 24th 2026,Bridport,"Bridport Freemasons Hall, 124 East Street, Bridport",,4th,Friday,April,,,,,,,
Craft8479,Craft,8479,Lodge of Saint Mark,Warrant dated 8 November 1972. Consecrated 24 February 1973. ,Tyles at 6.30 pm on the second Monday September - May. Installation May (5.00pm).,May 12th 2025,Kinson,"Kinson Freemasons Hall, Ferncroft Road, Bournemouth",,2nd,Monday,May,,,,,,,
Craft8641,Craft,8641,Broadstone Lodge,Warrant dated 12 February 1975. Consecrated 26 July 1975. ,"Tyles at 6.00 pm on the second Wednesday of September (Installation) to April, except for December when third Tuesday.",September 10th 2025,Poole,"Poole Freemasons Hall, 4 Market Close, Poole",,2nd,Wednesday,September,,,,,,,
Craft8645,Craft,8645,Lodge of Hospitality and Concord,Warrant dated 12 March 1975. Consecrated 6 August 1975. ,Tyles at 6.00 pm on the fourth Tuesday of September (Installation 4.30pm) to April and the second Wednesday in December.,September 23rd 2025,Branksome,"Branksome Freemasons Hall, 57 Ashley Road, Poole",,4th,Tuesday,September,,,,,,,
Craft8726,Craft,8726,Durnovarian Lodge,Warrant dated 9 June 1976. Consecrated 23 October 1976. ,"Tyles at 6.30 pm on the the first Thursday of every month except January, July, August and December. Installation November.",November 6th 2025,Dorchester,"Dorchester Freemasons Hall, Alington Street, Dorchester",,1st,Thursday,November,,,,,,,
Craft9050,Craft,9050,Amphibious Lodge,Warrant dated 9 June 1982. Consecrated 13 November 1982. ,"Tyles at 6.00 pm on the second Wednesday from September (Installation 4.00pm) to May, except December.",September 10th 2025,Wimborne,"Wimborne Freemasons Hall, 7a Corn Market, Wimborne",,2nd,Wednesday,September,,,,,,,
Craft9177,Craft,9177,Verwood Lodge,Warrant dated 13 November 1985. Consecrated 8 March 1986. ,"Tyles at 6.00 pm on the  first Thursday of each month, except for January, April, July and August. Installation September.",September 4th 2025,Wimborne,"Wimborne Freemasons Hall, 7a Corn Market, Wimborne",,1st,Thursday,September,,,,,,,
Craft9508,Craft,9508,Kenneth Cross Lodge of Dorset Provincial Grand Stewards,Warrant dated 10 February 1993. Consecrated 3 April 1993. ,"Tyles at 6.00 pm on the the third Wednesday in February, last Saturday in April (Installation), second Wednesday in June, third Wednesday in November.",April 25th 2026,Wareham,"Wareham Freemasons Hall, Howards Lane, Wareham",,Last,Saturday,April,,,,,,,
Craft9546,Craft,9546,Dorset Fairway Lodge,Warrant dated 9 February 1994. Consecrated 6 April 1994. ,"Tyles at 6.15 pm on the third Friday in March (Installation), third Thursday in February, April, May, June and October.",March 20th 2026,Dorchester,"Dorchester Freemasons Hall, Alington Street, Dorchester",,3rd,Friday,March,,,,,,,
Craft9649,Craft,9649,Fraternal Lodge of Dorset,Warrant dated 12 March 1997. Consecrated 19 June 1997. ,"Tyles at 10.30 am on the second Thursday in March (Installation), May, September and December.",March 12th 2026,Kinson,"Kinson Freemasons Hall, Ferncroft Road, Bournemouth",,2nd,Thursday,March,,,,,,,
Craft9689,Craft,9689,Brownsea Island Lodge,Warrant dated 11 November 1998. Consecrated 27 March 1999. ,"Tyles at 6.00 pm on the second Saturday in February (Installation), third Friday in April, second Saturday in June, third Friday in September, third Saturday in November.",February 14th 2026,Wareham,"Wareham Freemasons Hall, Howards Lane, Wareham",,2nd,Saturday,February,,,,,,,
Craft9727,Craft,9727,Canford Lodge,Warrant dated 13 September 2000. Consecrated 22 February 2001. ,"Tyles at  6.00 pm on the first Thursday in October to June, Installation (5.00pm) February.",February 5th 2026,Kinson,"Kinson Freemasons Hall, Ferncroft Road, Bournemouth",,1st,Thursday,February,,,,,,,
Craft9942,Craft,9942,Dorset Sportsmen's Lodge,Consecrated 8th April 2017,"Tyles at 6.30 pm on the first Tuesday in June, October and December and the last Monday in February. Installation on the first Saturday in April.",April 4th 2026,Wimborne,"Wimborne Freemasons Hall, 7a Corn Market, Wimborne",,1st,Saturday,April,,,,,,,
Mark99,Mark,99,St. Cuthberga,"Warrant dated 3rd December 1867. Transferred from Trowbridge, Wiltshire to Wimborne Minster on 27th June 1870. Centenary Warrant dated 1970. Keystone Lodge. Grand Patron of the Mark Benevolent Fund.  ","Tyles at 6.00 pm  on the second Monday in February (Installation), April, October and November. ",February 9th 2026,Wimborne,"Wimborne Freemasons Hall, 7a Corn Market, Wimborne",,2nd,Monday,February,,,,,,,
Mark121,Mark,121,St. Mary’s,Warrant dated 10 November 1870. Transferred from Bridport to Blandford on 27 March 1902. Keystone Lodge. Grand Patron of the Mark Benevolent Fund.  ,"Tyles at 6.30 pm  on the last Thursday in January, March, May (Installation), September and November. ",May 29th 2025,Blandford,"Blandford Freemasons Hall, 27 West Street, Blandford Forum",,Last,Thursday,May,,,,,,,
Mark126,Mark,126,All Souls,Warrant dated 19th January 1871. Centenary Warrant dated 1971. Keystone Lodge. Grand Patron of the Mark Benevolent Fund.  ,"Tyles at 6.30 pm  on the third Tuesday in January, March (Installation), September and November.",January 20th 2026,Weymouth,"Weymouth Freemasons Hall, School Street, Weymouth",,3rd,Tuesday,January,,,,,,,
Mark132,Mark,132,Amity,Warrant dated 25th April 1871. Centenary Warrant dated 4th February 1997. Keystone Lodge. Grand Patron of the Mark Benevolent Fund. ,"Tyles at 6.00 pm  on the second Thursday in February (Installation), May, September and November.",February 12th 2026,Poole,"Poole Freemasons Hall, 4 Market Close, Poole",,2nd,Thursday,February,,,,,,,
RAM132,RAM,132,Amity,Warrant dated 22nd April 1919. Keystone Lodge. Grand Patron of the Mark Benevolent Fund.,"Tyles at 6.00 pm  on the fourth Tuesday in January, March (Installation), June and November.",January 27th 2026,Poole,"Poole Freemasons Hall, 4 Market Close, Poole",,4th,Tuesday,January,,,,,,,
Mark133,Mark,133,Portland,Warrant dated 3rd May 1871. Transferred from Dorchester to Portland on 10th March 1882. Centenary Warrant dated 1982. Keystone Lodge. Grand Patron Gold of the Mark Benevolent Fund.,"Tyles at 6.30pm and (6.00pm on night of Installation.) on the second Wednesday in January, February (Installation), March, October, November and December. ",February 11th 2026,Portland,"Portland Freemasons Hall, 1 Victoria Square, Portland",,2nd,Wednesday,February,,,,,,,
RAM133,RAM,133,Portland,Warrant dated 2nd May 1946. Keystone Lodge. Grand Patron of the Mark Benevolent Fund.,"Tyles at 6.30 pm  on the first Wednesday in March, May, October (Installation) and December.",October 1st 2025,Portland,"Portland Freemasons Hall, 1 Victoria Square, Portland",,1st,Wednesday,October,,,,,,,
Mark134,Mark,134,Naval and Military ,Warrant dated 6th November 1911. Centenary Warrant dated 2011. Keystone Lodge. Grand Patron of the Mark Benevolent Fund. ,"Tyles at 6.15 pm  on the first Monday in February, April, June, October and November (Installation).",November 3rd 2025,Portland,"Portland Freemasons Hall, 1 Victoria Square, Portland",,1st,Monday,November,,,,,,,
Mark690,Mark,690,Victory ,Warrant dated 5th June 1919. Double Keystone Lodge. Grand Patron Gold of the Mark Benevolent Fund. ,"Tyles at 6.30 pm  on the fourth Monday in March, May, September and November (Installation).",November 24th 2025,Bridport,"Bridport Freemasons Hall, 124 East Street, Bridport",,4th,Monday,November,,,,,,,
RAM690,RAM,690,Victory ,Warrant dated 1st June 1978. Consecrated 8th September 1978. Keystone Lodge. Grand Patron of the Mark Benevolent Fund. ,"Tyles at 6.30 pm  on the second Friday in March, May (Installation) and November. Tyles at 6.30pm.",March 14th 2026,Bridport,"Bridport Freemasons Hall, 124 East Street, Bridport",,2nd,Saturday,March,,,,,,,
Mark763,Mark,763,Anglebury ,Warrant dated 13th April 1922. Transferred from Wareham to Swanage 1925. Centenary Warrant dated 2022. Keystone Lodge. Grand Patron of the Mark Benevolent Fund.,"Tyles at 6.00 pm  on the second Wednesday in January, March and May (Installation) and November.",May 14th 2025,Wareham,"Wareham Freemasons Hall, Howards Lane, Wareham",,2nd,Wednesday,May,,,,,,,
RAM763,RAM,763,Anglebury ,Warrant and Consecration on 9th April 2003. Grand Patron of the Mark Benevolent Fund. ,"Tyles at 6.30 pm  on the second Wednesday in February and April (Installation),  June and September. ",April 8th 2026,Wareham,"Wareham Freemasons Hall, Howards Lane, Wareham",,2nd,Wednesday,April,,,,,,,
Mark1095,Mark,1095,St. Edward the Martyr ,Warrant dated 2nd January 1948. Consecrated 5th May 1948. Keystone Lodge. Grand Patron of the Mark Benevolent Fund. ,"Tyles at 6.30 pm  on the third Friday in January, March (Installation), May, September and November. ",March 20th 2026,Shaftesbury,"Shaftesbury Freemasons Hall, 43 Bell Street, Shaftesbury",,3rd,Friday,March,,,,,,,
RAM1095,RAM,1095,St. Edward the Martyr ,Warrant dated 2nd September 1954. Consecrated on 26th October 1954. Grand Patron of the Mark Benevolent Fund. ,"Tyles at 6.30 pm  on the third Friday in February, April, June and October (Installation). ",October 17th 2025,Shaftesbury,"Shaftesbury Freemasons Hall, 43 Bell Street, Shaftesbury",,3rd,Friday,October,,,,,,,
Mark1163,Mark,1163,Kinson,Warrant dated 16th April 1952. Consecrated 9th July 1952. Keystone Lodge. Grand Patron of the Mark Benevolent Fund. ,"Tyles at 6.00 pm  on the fourth Monday in January, March, June and October (Installation). ",October 27th 2025,Kinson,"Kinson Freemasons Hall, Ferncroft Road, Bournemouth",,4th,Monday,October,,,,,,,
Mark1477,Mark,1477,Branksome,Warrant dated 9th September 1976. Consecrated 31st January 1977. Keystone Lodge. Grand Patron of the Mark Benevolent Fund. ,"Tyles at 6.00 pm  on the first Monday in February (Installation), June, September and November.",February 2nd 2026,Branksome,"Branksome Freemasons Hall, 57 Ashley Road, Poole",,1st,Monday,February,,,,,,,
RAM1477,RAM,1477,Branksome,Warrant dated 10th June 1980. Consecrated 10th September 1980. Grand Patron of the Mark Benevolent Fund. ,"Tyles at 6.00 pm  on the fourth Thursday in February, (Installation), April and June and the third Friday in November. ",February 26th 2026,Kinson,"Kinson Freemasons Hall, Ferncroft Road, Bournemouth",,4th,Thursday,February,,,,,,,
Mark1572,Mark,1572,Dorset Installed Mark Masters ,Warrant dated 27th August 1981. Consecrated 7th November 1981. Grand Patron Gold of the Mark Benevolent Fund. ,"Tyles at at 6.30pm on the second Wednesday in July, and at 11.00am on the first Saturday in November (Installation). ",November 1st 2025,Wimborne,"Wimborne Freemasons Hall, 7a Corn Market, Wimborne",,1st,Saturday,November,,,,,,,
RAM1572,RAM,1572,Dorset Installed Commanders ,Warrant dated 7th February 1991. Consecrated 20th April 1991. Grand Patron of the Mark Benevolent Fund.,Tyles at 11.00 am  on the third Saturday in April (Installation) and on the first Saturday in September. ,April 18th 2026,Portland,"Portland Freemasons Hall, 1 Victoria Square, Portland",,3rd,Saturday,April,,,,,,,
Mark1635,Mark,1635,Durnovarian ,Warrant dated 15th July 1986. Consecrated 27th September 1986. Grand Patron Gold of the Mark Benevolent Fund. ,"Tyles at 6.30 pm  on the first Tuesday in March, May and October (Installation) and the fourth Tuesday in November.",October 7th 2025,Dorchester,"Dorchester Freemasons Hall, Alington Street, Dorchester",,1st,Tuesday,October,,,,,,,
RAM1925,RAM,1925,Dorset Mark Stewards,Warrant and Consecration dated 1st June 2011. Vice Patron of the Mark Benevolent Fund. ,Tyles at 11.00 am  on the first Wednesday in June (Installation) and the last Wednesday in November.,June 4th 2025,Blandford,"Blandford Freemasons Hall, 27 West Street, Blandford Forum",,1st,Wednesday,June,,,,,,,
Mark2053,Mark,2053,Brownsea Island ,Warrant and Consecration dated 19th August 2023. ,"Tyles at 6.00 am  on the third Wednesday in January, March, July (Installation) and October.",July 16th 2025,Blandford,"Blandford Freemasons Hall, 27 West Street, Blandford Forum",,3rd,Wednesday,July,,,,,,,
RA137,RA,137,Chapter of Amity,"Charter dated 26 June 1780. Centenary Warrant dated 1969, granted 
retrospectively 1975. ","Tyles at 6.00pm  on the second Monday in March, May (Installation 5.00pm), October and December.",May 12th 2025,Poole,"Poole Freemasons Hall, 4 Market Close, Poole",,2nd,Monday,May,,,,,,,
RA170,RA,170,All Souls Chapter,Charter dated 7 May 1807. Charter of Confirmation dated November 1821. Centenary Charter granted 1907. Bi-Centenary Charter granted 2007.,"Tyles at 6.00pm on the first Friday in February, March, April, October, November (Installation) and December.",November 7th 2025,Weymouth,"Weymouth Freemasons Hall, School Street, Weymouth",,1st,Friday,November,,,,,,,
RA386,RA,386,Chapter of Unity,Charter dated August 1887. ,"Tyles at 6.00 pm. on the third Wednesday in January, April, July and October (Installation).",October 15th 2025,Wareham,"Wareham Freemasons Hall, Howards Lane, Wareham",,3rd,Wednesday,October,,,,,,,
RA417,RA,417,Chapter of Faith and Unanimity,Charter dated 6 May 1857. Centenary Charter granted 1957. ,"Tyles at 6.30pm on the fourth Monday of February (Installation 5.15pm), April, September, and November.",February 23rd 2026,Dorchester,"Dorchester Freemasons Hall, Alington Street, Dorchester",,4th,Monday,February,,,,,,,
RA622,RA,622,Chapter of St. Cuthberga,Charter dated 4 May 1864. Centenary Charter granted 1964. ,"Tyles at 6.00pm on the third Thursday in January, March, May, October (Installation) and November.",October 16th 2025,Wimborne,"Wimborne Freemasons Hall, 7a Corn Market, Wimborne",,3rd,Thursday,October,,,,,,,
RA665,RA,665,Montagu Chapter,Charter dated 4 November 1908. ,"Tyles at 6.30pm on the fourth Thursday in January, March (Installation), May, September and November.",March 26th 2026,Lyme Regis,"Lyme Regis Freemasons Hall, Broad Street, Lyme Regis",,4th,Thursday,March,,,,,,,
RA707,RA,707,St. Mary's Chapter,Charter dated 4 May 1870. ,"Tyles at 6.30pm on the first Thursday in February, April (Installation), October and December.",April 2nd 2026,Bridport,"Bridport Freemasons Hall, 124 East Street, Bridport",,1st,Thursday,April,,,,,,,
RA1037,RA,1037,Portland Chapter,Charter dated 5 November 1879. Centenary Charter granted 1980. ,"Tyles at  6.15pm  on the fourth Thursday in January, February, March, April, October (Installation) and November.",October 23rd 2025,Portland,"Portland Freemasons Hall, 1 Victoria Square, Portland",,4th,Thursday,October,,,,,,,
RA1168,RA,1168,Chapter of Benevolence,Charter dated 1 May 1907. ,"Tyles at 6.30pm on the last Tuesday in January, March, May, October and November (Installation 6.00pm).",November 25th 2025,Sherborne,"Sherborne Freemasons Hall, Digby Road, Sherborne",,Last,Tuesday,November,,,,,,,
RA1266,RA,1266,Chapter of Honour and Friendship,Charter dated 14 February 1979. Consecrated 21 April 1979. ,"Tyles at 6.00pm on the second Friday in January, fourth Friday in April (Installation), third Friday in July and first Friday in November",November 21st 2025,Blandford,"Blandford Freemasons Hall, 27 West Street, Blandford Forum",,3rd,Friday,November,,,,,,,
RA1367,RA,1367,Dorset Masonic Bikers Chapter,Charter dated 25 April 2019. ,"Tyles at 6.30pm on the first Wednesday in May, the first Saturday in June (10.30am) and the first Wednesday in September. Installation June.",June 7th 2025,Beaminster,"Beaminster Freemasons Hall, Bridport Road, Beaminster",,1st,Saturday,June,,,,,,,
RA2559,RA,2559,St. Aldhelm's Chapter,Charter dated 4 August 1920. ,"Tyles at 6.00pm on the third Monday in March, May, September and November (Installation 5.30pm).",November 17th 2025,Branksome,"Branksome Freemasons Hall, 57 Ashley Road, Poole",,3rd,Monday,November,,,,,,,
RA2689,RA,2689,King's Court Chapter,Charter dated 2 November 1920.," Tyles at 6.15pm on the second Wednesday in February, March, April (Installation), October and November.",April 8th 2026,Gillingham,"Gillingham Freemasons Hall, Station Road, Gillingham",,2nd,Wednesday,April,,,,,,,
RA3366,RA,3366,Dorset First Principals Chapter,Charter dated 1 May 1975. Consecrated 20 June 1975.,Tyles at 11.00am on the third Friday in April and October (Installation).,October 17th 2025,Dorchester,"Dorchester Freemasons Hall, Alington Street, Dorchester",,3rd,Friday,October,,,,,,,
RA3473,RA,3473,United Service Chapter,Charter dated 4 August 1920. ,"Tyles at 6.15pm on the second Monday in January, March, May, September (Installation) and November.",September 8th 2025,Portland,"Portland Freemasons Hall, 1 Victoria Square, Portland",,2nd,Monday,September,,,,,,,
RA5331,RA,5331,Kinson Chapter,Charter dated 1 November 1950. Consecrated 30 March 1951.,"Tyles at 6.00pm at the Kinson Masonic Hall, on the fourth Friday in January, March (Installation), September and November.",March 27th 2026,Kinson,"Kinson Freemasons Hall, Ferncroft Road, Bournemouth",,4th,Friday,March,,,,,,,
RA6445,RA,6445,Loyal Manor Chapter,Charter dated 25 April 1963. Consecrated 18 June 1963. ,"Tyles at 6.00pm on the first Tuesday in February, April, October (Installation), and second Tuesday in December",October 7th 2025,Portland,"Portland Freemasons Hall, 1 Victoria Square, Portland",,1st,Tuesday,October,,,,,,,
RA7986,RA,7986,Chapter of St. Martin,"Charter dated 4 April, 1995. Consecrated 4 April 1995. ","Tyles at 6.00pm on the second Thursday in September, and the first Thursday in December, February and May (Installation).",May 7th 2026,Wareham,"Wareham Freemasons Hall, Howards Lane, Wareham",,1st,Thursday,May,,,,,,,
RA8099,RA,8099,Vespasian Chapter,Charter dated 1 May 1975. Consecrated 9 July 1975. ,"Tyles at 6.00pm on the third Thursday in February and November (Installation), the fourth Tuesday in May and the second Tuesday in September.",November 20th 2025,Branksome,"Branksome Freemasons Hall, 57 Ashley Road, Poole",,3rd,Thursday,November,,,,,,,
RA9050,RA,9050,Amphibious Chapter,Charter dated 13 February 1985. Consecrated 17 April 1985. ,"Tyles at 6.00pm  on the third Wednesday of January, March (Installation), June and October.",March 18th 2026,Wimborne,"Wimborne Freemasons Hall, 7a Corn Market, Wimborne",,3rd,Wednesday,March,,,,,,,
RA9177,RA,9177,Verwood Chapter,Charter dated 11 December 1996. Consecrated 10 April 1997. ,"Tyles at 6.00pm on the fourth Thursday in March, second Thursday in May and September (Installation), and the third Thursday in December.",September 11th 2025,Wimborne,"Wimborne Freemasons Hall, 7a Corn Market, Wimborne",,2nd,Thursday,September,,,,,,,
RA9649,RA,9649,Chapter of Diversity,Charter dated 28 April 2016. Consecrated 27 July 2016. ,Tyles at at 11.00am on the second Wednesday in March (Installation) and at various locations in the Province in July and October.,March 11th 2026,Kinson,"Kinson Freemasons Hall, Ferncroft Road, Bournemouth",,2nd,Wednesday,March,,,,,,,
AMD184,AMD,184,St. Cuthberga Council,Warrant dated 19 June 2003., on the third Saturday in January (Installation) and the second Saturday in March and July.,January 17th 2026," the Masonic Hall, Corn Market, Wimborne Minster",,,3rd,Saturday,January,,,,,,,
STOA114,STOA,114,Saint Martin of Tours Chapel,Warrant and Consecration dated 10 December 2014. , on the first Saturday in April (Installation) and the last Friday in November.,April 4th 2026," the Masonic Hall, Howards Lane, Wareham",,,1st,Saturday,April,,,,,,,
KT31,KT,31,All Souls' Preceptory,Warrant dated 26 March 1847. Centenary Warrant dated 26 March 1947. ," the third Friday in March (Installation), May, September and November.",March 20th 2026," the Masonic Hall, 2 School Street, Weymouth ",,,3rd,Friday,March,,,,,,,
KT98,KT,98,Hyde Preceptory,Warrant dated 1 October 1867. Transferred under sanction of Great Priory from Bridport to Wimborne 27 April 1886; and similarly from Wimborne to Poole 24 October 1967.," the first Tuesday in January, April (Installation), July and October.",April 7th 2026," the Masonic Hall, Howard’s Lane, Wareham",,,1st,Tuesday,April,,,,,,,
KT595,KT,595,Vale of Dorset Preceptory,Warranted and Consecrated on 13 December 1994. ," on the second Tuesday in March, May, September & December (Installation).",December 9th 2025," the Kinson Masonic Hall, Ferncroft Road, Bournemouth",,,2nd,Tuesday,December,,,,,,,
KT733,KT,733,Philip de Cognac Preceptory,"Warrant  2026.
","on Friday 1st May  (Installation), Friday 16th October 2026 and Friday 19th February 2027 ",May 1st 2026, Beaminster Masonic Hall ,,,2nd,Wednesday,March,01 May 2026,,,,,,
KTP47,KTP,47,St. Peter and St. Paul Tabernacle,Warrant dated 14 March 1972. Consecrated 12 May 1972. ," the third Friday in March (Installation), May, September and November.",March 20th 2026," the Masonic Hall, West Street, Blandford Forum ",,,3rd,Friday,March,,,,,,,
KTP159,KTP,159,St. Mary the Virgin Tabernacle,Warranted and Consecrated on 14 March 1991. , the Second Thursday in March (Installation) and the first Tuesday in September.,March 12th 2026," the Masonic Hall, Oxford Street, Marlborough",,,2nd,Thursday,March,,,,,,,
KTP193,KTP,193,The Revelation Tabernacle,Warrant dated 3 March 1996. Consecrated 30 March 1996. , on the fourth Tuesday in March (Installation) and November.,March 24th 2026," the Kinson Masonic Hall, Ferncroft Road, Bournemouth",,,4th,Tuesday,March,,,,,,,
OSC103,OSC,103,Blandford Consistory,Warrant and Consecration dated 7 January 2015., on the second Wednesday in April (Installation) and November.,April 8th 2026," the Masonic Hall, West Street, Blandford Forum",,,2nd,Wednesday,April,,,,,,,
OSC116,OSC,116,Kinson Consistory,Warrant dated 1st March 2017,on the third Thursday April and First Monday November (Installation) - ,November 3rd 2025," Kinson Masonic Hall, Ferncroft Road, Bournemouth, Dorset BH10 6BY",,,1st,Monday,November,,,,,,,
OSC3 T.I.,OSC,3 T.I.,Dorset Consistory,Warrant dated 21 July 2010. , on the fourth Friday in February (Installation) and June,February 27th 2026," the Masonic Hall, Howard's Lane, Wareham",,,4th,Friday,February,,,,,,,
OSM111,OSM,111,Werham Conclave,Warrant dated 18 June 1951. Consecrated 8 September 1951.," on the second Thursday in March, June, October (Installation) and December.",October 9th 2025," the Masonic Hall, Howard's Lane, Wareham",,,2nd,Thursday,October,,,,,,,
OSM180,OSM,180,Weymouth Conclave,Warrant dated 27 May 1963. Consecrated 20 September 1963.," on the fourth Tuesday in February, May, September and the first Tuesday in December (Installation).",December 2nd 2025," the Shaftesbury Hall, Victoria Square, Portland",,,1st,Tuesday,December,,,,,,,
OSM196,OSM,196,Shield of David Conclave,Warrant dated 20th June 1967.," on the third Thursday in February, May, October (Installation) and on the second Saturday in December.",October 2nd 2025," the Masonic Centre, The Planks, Swindon",,,1st,Thursday,October,,,,,,,
OSM290,OSM,290,Faithful Friendship Conclave,Warrant dated 8 July 1978. Consecrated 14 November 1978.," on the second Tuesday in January, June, September and November (Installation).",November 11th 2025," Freemasons' Hall, Knole Road, Bournemouth",,,2nd,Tuesday,November,,,,,,,
OSM322,OSM,322,St. Edmund Conclave,Warrant dated 31 May 1983.," on the second Friday of January, April and October (Installation).",October 10th 2025," the Masonic Hall, Stainer Road, Calne",,,2nd,Friday,October,,,,,,,
OSM364,OSM,364,White Horse Conclave,Warrant dated 5 August 1991.," on the first Tuesday in February, May (Installation) and November.",May 5th 2026," the Masonic Hall, Warminster Road, Westbury",,,1st,Tuesday,May,,,,,,,
OSM392,OSM,392,Forum Conclave,Warrant and Consecration dated 19 November 1994.," on the third Wednesday in February, May and October (Installation).",October 15th 2025," the Masonic Hall, West Street, Blandford Forum",,,3rd,Wednesday,October,,,,,,,
OSM497,OSM,497,Karwan Conclave,Warrant and Consecration dated 8 July 2006.shall direct., on a Saturday in July and September at such time and date the Supreme Ruler and Executive.  Installation meeting  on the Saturday previous to the May Day Bank Holiday.,April 25th 2026," at the Masonic Hall, Oxford Street, Marlborough",,,2nd,Wednesday,March,25 April 2026,,,,,,
OSM608,OSM,608,Bridport Conclave,Warrant and Consecration dated 15 October 2012.," on the third Monday in February, June and October (Installation).",October 20th 2025," the Masonic Hall, 124 East Street, Bridport",,,3rd,Monday,October,,,,,,,
RCOC258,RCOC,258,St. Candida Conclave,Warrant dated 12 February 1970. Consecrated 20 July 1970.," on the first Thursday in April, fourth Thursday in October (Enthronement) and the first Thursday in December.",October 23rd 2025," the Masonic Hall, Broad Street, Lyme Regis by Dispensation",,,4th,Thursday,October,,,,,,,
RCOC313,RCOC,313,Hagia Sophia Conclave,Warrant dated 20 October 1976. Consecrated 4 February 1977. ," on the third Friday in January, fourth Monday in June and the first Tuesday in November (Enthronement).",November 4th 2025," the Masonic Hall, Howard's Lane, Wareham",,,1st,Tuesday,November,,,,,,,
RCOC380,RCOC,380,Magnaura Conclave,Warrant dated 30 November 1984. Consecrated 18 April 1985.," on the third Thursday in January, May (Enthronement) and October.",May 15th 2025,"  the Masonic Hall, 57 Ashley Road, Branksome",,,3rd,Thursday,May,,,,,,,
RCOC399,RCOC,399,Wessex Sovereigns' Conclave,Warrant dated 10 November 1987. Consecrated 5 December 1987. , on the second Thursday in May (Enthronement) and the second Tuesday in September.,March 11th 2026," the Kinson Masonic Hall, Ferncroft Road, Bournemouth",,,2nd,Wednesday,March,,,,,,,
RCOC404,RCOC,404,Heraclius Conclave,Warrant dated 26 May 1989. Consecrated 19 August 1989. ," on the fifth Thursday in each month, except July, August and December. Enthronement at the last regular meeting of the Calendar Year.",October 30th 2025," the Kinson Masonic Hall, Ferncroft Road, Bournemouth",,,5th,Thursday,October,,,,,,,
RCOC447,RCOC,447,Milion Conclave,Warranted and Consecrated on 19 December 1996. ," in the morning of the fifth Friday in each month, except July, August and December. Enthronement at the regular meeting after August.",October 31st 2025," the Masonic Hall, Howard's Lane, Wareham",,,5th,Friday,October,,,,,,,
RCOC448,RCOC,448,Scholarii Conclave,Warranted and Consecrated on 19 December 1996., in the morning of the fourth Tuesday in April and the fourth Monday in October (Enthronement).,October 22nd 2025," the Masonic Hall, Howard's Lane, Wareham",,,4th,Wednesday,October,,,,,,,
RC4,RC,4,Weymouth Chapter Rose Croix,Warrant dated 21 March 1852. Centenary Warrant granted 1952; presented 1979.,Fourth Thursday in March and July and the third Thursday in October (Enthronement).,October 16th 2025,Weymouth Masonic Hall,,,3rd,Thursday,October,,,,,,,
RC597,RC,597,Poole Chapter Rose Croix,Warrant dated 27 February 1964. Consecrated 26 May 1964. ," on the third Thursday in February, second Monday in June (Enthronement) and September, and the penultimate working day of December.",June 9th 2025," the Masonic Hall, Market Close, Poole",,,2nd,Monday,June,,,,,,,
RC768,RC,768,St. Leonard's Chapter Rose Croix,Warrant dated 26 September 1974. Consecrated 31 January 1975.," on the second Friday in February, April, June (Enthronement) and October.",June 13th 2025,"the Masonic Hall, West Street, Blandford Forum",,,2nd,Friday,June,,,,,,,
RC1019,RC,1019,Kinson Chapter Rose Croix,Warrant dated 13 September 1990. Consecrated 9 April 1991. ," on the first Tuesday in February, May and October (Enthronement).",October 7th 2025," the Kinson Masonic Hall, Ferncroft Road, Bournemouth",,,1st,Tuesday,October,,,,,,,
RC1068,RC,1068,Stour Vale Chapter Rose Croix,Warrant dated 15 September 1993. Consecrated 11 January 1994. ," on the third Wednesday in February, May and October (Enthronement).",October 15th 2025,"the Masonic Hall, Corn Market, Wimborne",,,3rd,Wednesday,October,,,,,,,
RC1078,RC,1078,Portland Chapter Rose Croix,Warrant dated 6 October 1994. Consecrated 25 January 1995.," on fifth Monday, except July, August and December. Enthronement third meeting.",September 29th 2025," the Shaftesbury Hall, Victoria Square, Portland",,,5th,Monday,September,,,,,,,
RC1127,RC,1127,Palladwr Chapter Rose Croix,Warrant dated 14 October 1999. Consecrated 29 February 2000.," on the second Tuesday in March (Enthronement), July and October.",March 10th 2026," the Masonic Hall, Bell Street, Shaftesbury",,,2nd,Tuesday,March,,,,,,,
RC1162,RC,1162,Durnsœta Chapter Rose Croix,Warrant dated 8 January 2004. Consecrated 12 May 2004. , on the fourth Thursday in February (Enthronement) and second Friday in July.,February 26th 2026,"Meet at the Masonic Hall, West Street, Blandford (except if notice states otherwise) The Chapter was Founded for the association of Brethren being Past Sovereigns of the 30° or higher of the Ancient and Accepted Rite of Freemasonry.",,,4th,Thursday,February,,,,,,,
RC1212,RC,1212,Dorchester Chapter Rose Croix,Warrant and Consecration dated 15 March 2017.,"the fourth Wednesday in March (Enthronement), June and September.",March 25th 2026,"the Masonic Hall, 1 Alington Street, Dorchester",,,4th,Wednesday,March,,,,,,,
RSM209,RSM,209,Branksome Council,Consecrated 5 September 1997.," on the third Saturday in March, fourth Saturday in September (Installation) and third Saturday in November. Installation at the first regular meeting of the year.",September 27th 2025," the Masonic Hall, 57 Ashley Road, Branksome",,,4th,Saturday,September,,,,,,,
RSM263,RSM,263,Terra Regis Council,"Consecrated 22 March 2005.
"," on the fifth Friday, except for July, August and December.   Installation at the first regular meeting of the year.",January 30th 2026," the Shaftesbury Hall, Victoria Square, Portland",,,5th,Friday,January,,,,,,,
PBQPBQ,PBQ,PBQ,Purbeck Quarries Assemblage,Patent dated 17 May 1969. Constituted 16 June 1969. ,"on the fourth Friday of January, March, April and October. The Deputy M.M. recommended March and Installed October.",October 22nd 2025," the Masonic Hall, Howard's Lane, Wareham ",,,4th,Wednesday,October,,,,,,,
